text,label
"BREAKING they are hiding the truth about the cure, share before it gets deleted",1
This miracle drink cures everything and doctors hate it,1
"Government secretly poisoning the water, wake up people",1
100% proven the vaccine microchips are tracking you,1
"Scientists confirm the election was rigged, mainstream media silent",1
"Doctors are shocked, one weird trick wipes out disease overnight",1
"Leaked documents prove the whole outbreak was planned, spread this",1
They don't want you to know this natural remedy beats cancer,1
Shocking truth the media will never tell you about the storm machine,1
Urgent warning forward to everyone this food is secretly toxic,1
Aliens confirmed by insider and the government is covering it up,1
"Banks will freeze all accounts tomorrow, withdraw everything now",1
The city council approved the new budget on Tuesday after a public hearing,0
Researchers published the study results in a peer reviewed journal this week,0
The weather service expects light rain across the region through Friday,0
The company reported quarterly earnings in line with analyst expectations,0
Health officials recommend getting the seasonal flu shot before winter,0
The match ended two to one after a late goal in the second half,0
The library will extend its opening hours during the exam period,0
Officials said the road repairs should be finished by the end of the month,0
The university announced new scholarships for undergraduate students,0
"According to the report, unemployment fell slightly last quarter",0
The new bridge opens to traffic on Monday following safety inspections,0
Scientists measured a small increase in average ocean temperature over the decade,0
